order_id,batch_id,sequence
e232c53370a1ee0ec64adb74364b8ffa,1,1
f2646d4c3c5cdc8dfaab300f92f2abf1,1,2
98ddbb95e13b29cfb3393d4a1d9d8ea0,1,3
9ac68371a7632ab5e2c239a2323d320b,1,4
63003cfe4dbdac43683ef9adb69b07bb,1,5
2dbf4674e2f5ca791cad572e6b563d71,1,6
44fb5d4c9313a10f4c99ebfc692420a7,1,7
a636d613196f5bd30e008ddb9d10afb7,1,8
22b77e2be954fd2658f7994dff85e953,1,9
d0aec4c234cab7347dd85091f4675eaf,1,10
dee5d2d1d7468455e0cfe79ca4714499,1,11
d1687dcbde1602988a8fec8b5cb93822,1,12
40ad09f58eb7f4b8d221cec7a478875d,1,13
c858529f4894b6ebd2ee055a07fdd22a,1,14
268500f594539af780062cd10d357e87,1,15
c9236db684de44e49db168432c757fcd,1,16
0f619ba9970687e0fa043b9cc3f2b5d8,2,1
cf82ce6f5d206c80059993e55dad033e,2,2
1c476c115370fc02174ce82fe3795c64,2,3
7bbcf73726a1cb2167631df12ef7e2df,2,4
ef7363f8073d08174ce72e54a05b9e0b,2,5
e0867a746763e9469021bf608da08db8,2,6
ea1e7a99aaa83b3130135e77a44930e2,2,7
e4b936d4be3b0baadc521040c04f3fcc,2,8
762adbec1a887a56e33f79c562264f54,2,9
3347174a6cca5b287ada8e297e0c2cf3,2,10
e294f0ea968717156f8de15016cbca7a,2,11
b5424ae59893f48ed9d5b3764176ec87,2,12
ab4164ba9125ff0f37aba29726da17a9,2,13
a74a1b25549d940b5af64c1b3e806cb2,2,14
f2fd5ac8c2a7f6da98c17eee60dceaaa,2,15
113cedfbed86db18fe2f26925e39c21d,2,16
5c64a20a82442049bc52805747a1f3f2,2,17
1781925319e2037d080f9fca58226842,3,1
17290fd367dafa8b5dafd5a853f53000,3,2
2f7d4d1e4977f6157895dfb5dc9f1ea3,3,3
98e5d889bca06ee7b0b6ae17169819c3,3,4
92466b09494539771f65fc99c2b6ba85,3,5
0aaea02443193b1c71e5503fddec6ecf,3,6
32eb821a7863a77c7f4a61c676a9cd31,3,7
2c7810661ce6ed7153e705eba109d800,3,8
9402a4e353dcea5cceb2cc05c6bb856f,3,9
1f4057a4724794f2e0a57178da08ab24,3,10
3e238d50d45ed3d30b4fb917d10d2c4c,3,11
15a8367eb085851b4c679b29af309c8b,3,12
0e84930ef1d7c95371808c2dc038a34d,3,13
f4bdcf5aa0efa514efe8f27941bea5db,3,14
3fd016bf95a1c12e710644b2c26a9cf1,3,15
16bf80b8c16f792adc9d6b39f7c52fa6,3,16
5c46e47a16da8728be5559ad456907a2,3,17
4f51453f61dd1756ca93edea8ad98d28,3,18
a6dc27049f09c9a84421e65217338e0f,3,19
75400d9cff538b49560d3f337275498e,3,20
7e4f4e20f19eadb93ff4b6934e2e91dc,3,21
098c904e009d6a2d47e63f4e0f044b0d,3,22
f21883f7097245c8b6f9ca20c805a81e,3,23
2859a8e773e23135612c176caa564e45,3,24
04bbff87796e9bd035986fc05e1588de,4,1
d8cb13a14fc7bd462dfdc3d108369eed,4,2
efbcf365f2f4067947d3b52b1ab3acf2,4,3
663bd251246ff82d07bd61883f905892,4,4
eeb23d1dad0f798f1c569013d4d459c7,4,5
f8d218f9604afce4196e9c4098ff3110,4,6
2b46e18d3d1e1b6393887e459d134589,4,7
9550b4b4a63cdbf0a431f32ce919c93e,4,8
6849f189e7909ae11f55f5b440aaeaf0,4,9
f55a84bc47b67765b1b43b9417a66586,4,10
83f6d4f519ee5fb5cd538e6fd43ad014,4,11
4cd09ed732fbea391eb043a28dc2ada8,4,12
d8c86f98f096ed9f3e64abc7243ff145,4,13
d812d753b3a50e5fabbd9ccefe5592c8,4,14
73c185c8d7017b25b668e1ce1a5a15f7,4,15
7daf7511356733f266b6131466466aab,4,16
01d975b4f6a4e1c41c3019318fb712c6,4,17
069181be20104465f5430713c858486f,4,18
808f871e3b3bf12da3fd30ce6e2fef5b,4,19
dbe78e5d761d93356a48f7f2eb5bb521,4,20
42989680c9090c86c643ca9593f19e81,4,21
8b76828411a0aa9ebfab549ee1f1243b,5,1
c38259863085f3eb538ae6f0dcd6a07c,5,2
9b2aadd3bd7b0bdbcbafa3ed5dbc99c4,5,3
11bc038126b9e6b26ef13966dcbb0428,5,4
f63274f9e88b03c8639d6653107ab8fa,5,5
ccd4e9571878e94e3e4b61b8d73ebb9e,5,6
9e1fedbbba0e12052e40d1f76bed853e,5,7
bb1f1cefbff230c87ebf1ef519f7e4a8,5,8
a93550e8b52bbb3cfc38ac9e6adfe40a,5,9
9730ac3b858ba1d6c97015380f2f6f84,5,10
235310b4a5e7c56e7384cbc0f73533f4,5,11
fba8e214aba6094b69d643c51a63d2ce,5,12
7794de7641ccbee5624f5e948593b237,5,13
d51bcc3a3ef67ac0994eb4e668c26b55,5,14
0c30d1758ad7592eb0fc653589420785,5,15
c591b84d739aaf9134708cb3c6d2c6d4,5,16
c65e618605167a459b04ba5ea8e576dc,5,17
ad4ef2466fea3a4313d596d231e02e7b,5,18
08acfdb2fca1859cbf0648e1dc359261,5,19
ce8b5969b7dd88de85dc410881f1a1d1,5,20
c81a08f8cb389097658338cd8fdcefbd,5,21
993b0d672a192b7221631330e5747b03,5,22
d6f1aa0036f866762ed1f436d37a34ce,5,23
87f6c3a3ca593bf58005712e4df4fabc,5,24
70515f381c65bbb12db3b986b8d4e3ba,5,25
d68465a1b1b46f4c9cef0c201936856d,6,1
b2ab8313c2903b02eba658187e48b4ab,6,2
13020cba2bc76f9faf3b2d5dc7c33a6e,6,3
7e94f00389b89b516ff9699d3ba65371,6,4
55c2292c1fca719670df925377d3d015,6,5
15fc77ffe3b4f6d1fd75bd533789a6df,6,6
607782cb9c267760df073a574021ab7a,6,7
bbb3b49afe0277d62574e4efc4a9aaa6,6,8
7f5405651d0dfeb524a19a351d6e8c72,6,9
a80d697557a9bdca9a11aaa3149862a3,6,10
78c18b61c0ae359305da5f354784bd1c,6,11
3f88689f42b9770f4840943383401597,6,12
345310ede1eb217509917dffd2650667,6,13
a740348a0e3950052d1394d42bb37b63,6,14
4f0c6bdaaeb68407e4b28d7b736e40f7,6,15
21c4e409301bb2bea55329c4ae8368de,6,16
79aecc50cca7572e2336395b873f6c4b,6,17
873cfd39c8c43fd17c6e17907eeb2b2f,6,18
25b5e2d9f1d2815f52cde7ff3555a403,6,19
f67965d23f3f396d01b78ab5b6d0e3be,6,20
1a751dbe8309bd0b371e2469163678d6,6,21
606b2a69f5b52adc0dc49c4a6c0a23ae,6,22
e0519873eeb5fd733e53543781061197,6,23
533679b175100fa6a9443c567e6c021a,6,24
c146a08ad6cefa0a32f6708104b3f3e8,6,25
8dbe995d76c8d2261d1943562f725b38,7,1
a17b563939bb719b10b7cbf6858c3376,7,2
cc61781d8fc72e7ee79c79f697b464b8,7,3
2e110ad3c2b4aee37527b6c15162ded5,7,4
dcd58f5c78b9c783cb05475ebc9adddc,7,5
639f846185953499d371f06f98111fd4,7,6
d3a81360315719daed9c3b517a2c576a,7,7
4023d4494fb38ebbe979c77528bc7e61,7,8
2eebdf3f9bdce9d65d8bf69eee3ca130,7,9
21f68a2baa1cca2cecd74c0a6ca28703,7,10
11f67fa8f5ac9cedaf9056d20c709272,7,11
f9fccbfe1a4b077f77c38637b16b4c60,7,12
8ac986997c6dc8c8be7f566bf2dbffb3,7,13
2f6862691b75b1296d044a9d8f4ac86c,7,14
531be5761ed4c5a863bcb379630b2e8f,7,15
79a6fb386ccf018114b09db13068dcbc,7,16
8467a70ea798612da5667b574de2b9a9,7,17
4cb85e63a060a035e0aaa41beef3bad7,7,18
dc4c49c113b3c0e0988f80c5c70bb934,7,19
e6c9c2cc0d1b1ca1fa2a0c3f41344465,7,20
6a6b96b374daad9828fa0560110908d3,7,21
57ba1107d28924541efbf87322c3f32e,7,22
3aff36329950979e85d9f9de256cee1d,7,23
f866a1a01c2a62281860eb6514ecab74,7,24
830412e4588115f72643d29b33128e4f,7,25
9a002cc9e152bd5bfb82ba49a6dea9e6,8,1
ac346655483185b671afbe326f473365,8,2
2de22a4b53bfb00ec2f71781e06a7092,8,3
4d41094595d26be6b209d240dae1f678,8,4
efdf3954b3dfe5611622f298f72d2f98,8,5
1b767cc4ab17e9b469ece85ab4fbe658,8,6
f2e5d6532fda6013fd2e44b465c2e830,8,7
9256377154364c6502b11b78dc498040,8,8
25e805393d42527a06ff44dc033dd6c5,8,9
cfe6de39e162f9368489d25c7b5b71e5,8,10
c686cd5e004f22c721580ca78976da47,8,11
8119ce7f32f12a2f628ff078bb03eb7f,8,12
b08095e3cf7d3059ba72b93e8ff02d7f,8,13
47ebaee44e1676dadde535bd01b6be32,8,14
67b72483af0c040503bf0faaf6bfd505,8,15
67d2ac53fbef1c4dce29b0258ae89359,8,16
587b5b3db8c832f0dc965e07f960be09,8,17
1930b1ba6e26beb088212aaa91a2e9e0,8,18
c02842b0f22479d0b8efcb9b33a96952,8,19
d5e71ae937e62ce4f8e8db57743ead50,8,20
36df6b98da2f62f30797e2046a09d5be,8,21
4600fae686cbc6436f7f482a4ecbc37a,8,22
198c6cc620650ccbf83cc67abed7a155,8,23
5bf34d13f25c9762273072bb8ee16c63,8,24
e77f576b44ce7805f64045d89c7418b8,8,25
